timestamp,process,Action,Dataset,Message
2026-10-04 02:01:29.213000,Load,SUCCESS,statcan_cpi,Loaded 44 into statcan_cpi.
2026-10-04 02:06:00.973000,Load,SUCCESS,statcan_employment_by_industry,Loaded 172 into statcan_employment_by_industry.
2026-10-04 02:06:13.147000,Load,SUCCESS,statcan_exchange_rates,Loaded 1144 into statcan_exchange_rates.
2026-10-04 02:01:26.163000,Load,SUCCESS,statcan_gas_prices,Loaded 44 into statcan_gas_prices.
2026-10-04 02:06:15.993000,Load,SUCCESS,statcan_gdp,Loaded 26 into statcan_gdp.
2026-10-04 02:01:23.567000,Load,SUCCESS,statcan_intl_travellers_entering_canada,Loaded 19533 into statcan_intl_travellers_entering_canada.
2026-10-04 02:01:43.287000,Load,SUCCESS,statcan_restaurant_spending,Loaded 602 into statcan_restaurant_spending.
2026-10-04 02:01:38.717000,Load,SUCCESS,statcan_retail_sales,Loaded 602 into statcan_retail_sales.
2026-10-04 02:06:05.397000,Load,SUCCESS,statcan_tourism_business_count,Loaded 210 into statcan_tourism_business_count.
2026-10-04 02:05:48.877000,Load,SUCCESS,statcan_vehicle_arrivals,Loaded 85457 into statcan_vehicle_arrivals.
2026-10-04 02:01:55.097000,Load,SUCCESS,statcan_visitor_origin,Loaded 3040 into statcan_visitor_origin.
2026-10-04 02:07:30.227000,Load,SUCCESS,tdc_lasr_spending_details,Loaded 28520 successfully into tdc_lasr_spending_details.
2026-10-04 02:08:47.877000,Export,SUCCESS,vw_bc_vehicle_arrivals_by_license_plate,Exported to ./export_data/vw_bc_vehicle_arrivals_by_license_plate.csv
2026-10-04 02:08:41.643000,Export,SUCCESS,vw_bc_yearly_border_crossings_by_continent,Exported to ./export_data/vw_bc_yearly_border_crossings_by_continent.csv
2026-10-04 02:08:46.480000,Export,SUCCESS,vw_bc_yearly_border_crossings_by_country_of_origin,Exported to ./export_data/vw_bc_yearly_border_crossings_by_country_of_origin.csv
2026-10-04 02:08:35.887000,Export,SUCCESS,vw_bc_yearly_border_crossings_by_location,Exported to ./export_data/vw_bc_yearly_border_crossings_by_location.csv
2026-10-04 02:08:40.750000,Export,SUCCESS,vw_bc_yearly_border_crossings_by_origin,Exported to ./export_data/vw_bc_yearly_border_crossings_by_origin.csv
2026-10-04 02:08:40.550000,Export,SUCCESS,vw_bc_yearly_border_crossings_by_traveller_type,Exported to ./export_data/vw_bc_yearly_border_crossings_by_traveller_type.csv
2026-10-04 02:08:46.573000,Export,SUCCESS,vw_bc_yearly_border_crossings_by_us_can_overseas,Exported to ./export_data/vw_bc_yearly_border_crossings_by_us_can_overseas.csv
2026-10-04 02:08:46.237000,Export,SUCCESS,vw_bc_yearly_border_crossings_by_vehicle_type,Exported to ./export_data/vw_bc_yearly_border_crossings_by_vehicle_type.csv
2026-09-27 02:08:24.030000,Export,SUCCESS,vw_etl_data_status,Exported to ./export_data/vw_etl_data_status.csv
2026-10-04 02:08:36.097000,Export,SUCCESS,vw_gdp_stats,Exported to ./export_data/vw_gdp_stats.csv
2026-10-04 02:08:36.280000,Export,SUCCESS,vw_kpi_air_arrivals_ytd_summary,Exported to ./export_data/vw_kpi_air_arrivals_ytd_summary.csv
2026-10-04 02:08:36.470000,Export,SUCCESS,vw_kpi_cbre_avg_daily_room_rate_ytd_summary,Exported to ./export_data/vw_kpi_cbre_avg_daily_room_rate_ytd_summary.csv
2026-10-04 02:08:36.767000,Export,SUCCESS,vw_kpi_cbre_occupancy_rate_ytd_summary,Exported to ./export_data/vw_kpi_cbre_occupancy_rate_ytd_summary.csv
2026-10-04 02:08:36.833000,Export,SUCCESS,vw_kpi_cbre_revpar_ytd_summary,Exported to ./export_data/vw_kpi_cbre_revpar_ytd_summary.csv
2026-10-04 02:08:48.080000,Export,SUCCESS,vw_kpi_economic_accommodation_and_food_employment,Exported to ./export_data/vw_kpi_economic_accommodation_and_food_employment.csv
2026-10-04 02:08:48.357000,Export,SUCCESS,vw_kpi_economic_restaurant_spending,Exported to ./export_data/vw_kpi_economic_restaurant_spending.csv
2026-10-04 02:08:48.540000,Export,SUCCESS,vw_kpi_economic_retail_spending,Exported to ./export_data/vw_kpi_economic_retail_spending.csv
2026-10-04 02:08:37.960000,Export,SUCCESS,vw_kpi_intl_travellers_entering_canada_ytd_summary,Exported to ./export_data/vw_kpi_intl_travellers_entering_canada_ytd_summary.csv
2026-10-04 02:08:38.170000,Export,SUCCESS,vw_kpi_str_adr_ytd_summary,Exported to ./export_data/vw_kpi_str_adr_ytd_summary.csv
2026-10-04 02:08:38.277000,Export,SUCCESS,vw_kpi_str_available_listings_ytd_summary,Exported to ./export_data/vw_kpi_str_available_listings_ytd_summary.csv
2026-10-04 02:08:38.363000,Export,SUCCESS,vw_kpi_str_occupancy_ytd_summary,Exported to ./export_data/vw_kpi_str_occupancy_ytd_summary.csv
2026-09-27 02:09:02.530000,Export,SUCCESS,vw_kpi_str_rev_ytd_summary,Exported to ./export_data/vw_kpi_str_rev_ytd_summary.csv
2026-10-04 02:08:38.473000,Export,SUCCESS,vw_kpi_str_revpar_ytd_summary,Exported to ./export_data/vw_kpi_str_revpar_ytd_summary.csv
2026-10-04 02:08:38.897000,Export,SUCCESS,vw_kpi_tc_revenue_estimates_revised,Exported to ./export_data/vw_kpi_tc_revenue_estimates_revised.csv
2026-09-27 02:09:14.057000,Export,SUCCESS,vw_kpi_tc_vis_estimates_ytd_summary,Exported to ./export_data/vw_kpi_tc_vis_estimates_ytd_summary.csv
2026-09-27 02:09:15.667000,Export,SUCCESS,vw_tc_vis_estimates_by_month_2026,Exported to ./export_data/vw_tc_vis_estimates_by_month_2026.csv
2026-10-04 02:08:48.590000,Export,SUCCESS,vw_ybs_tourism_revenue_and_gdp,Exported to ./export_data/vw_ybs_tourism_revenue_and_gdp.csv
2026-10-04 02:08:48.680000,Export,SUCCESS,ybs_gdp_percentage,Exported to ./export_data/ybs_gdp_percentage.csv
