date,year,month,monthly_avg_available_listings,prev_year_monthly_avg,monthly_percentage_difference,ytd_avg_available_listings,prev_year_ytd_avg,ytd_percentage_difference,ytd_month_range
2015-01-01,2015,1,5,,,5,0,,January - January
2015-02-01,2015,2,9,,,7,0,,January - February
2015-03-01,2015,3,11,,,8,0,,January - March
2015-04-01,2015,4,11,,,9,0,,January - April
2015-05-01,2015,5,14,,,10,0,,January - May
2015-06-01,2015,6,23,,,12,0,,January - June
2015-07-01,2015,7,30,,,14,0,,January - July
2015-08-01,2015,8,31,,,16,0,,January - August
2015-09-01,2015,9,27,,,17,0,,January - September
2015-10-01,2015,10,20,,,18,0,,January - October
2015-11-01,2015,11,24,,,18,0,,January - November
2015-12-01,2015,12,25,,,19,0,,January - December
2016-01-01,2016,1,29,5,480.0,29,5,480.0,January - January
2016-02-01,2016,2,30,9,233.33,29,7,314.29,January - February
2016-03-01,2016,3,32,11,190.91,30,8,275.0,January - March
2016-04-01,2016,4,26,11,136.36,29,9,222.22,January - April
2016-05-01,2016,5,23,14,64.29,28,10,180.0,January - May
2016-06-01,2016,6,29,23,26.09,28,12,133.33,January - June
2016-07-01,2016,7,37,30,23.33,29,14,107.14,January - July
2016-08-01,2016,8,40,31,29.03,30,16,87.5,January - August
2016-09-01,2016,9,47,27,74.07,32,17,88.24,January - September
2016-10-01,2016,10,50,20,150.0,34,18,88.89,January - October
2016-11-01,2016,11,46,24,91.67,35,18,94.44,January - November
2016-12-01,2016,12,46,25,84.0,36,19,89.47,January - December
2017-01-01,2017,1,42,29,44.83,42,29,44.83,January - January
2017-02-01,2017,2,46,30,53.33,44,29,51.72,January - February
2017-03-01,2017,3,46,32,43.75,44,30,46.67,January - March
2017-04-01,2017,4,45,26,73.08,44,29,51.72,January - April
2017-05-01,2017,5,55,23,139.13,46,28,64.29,January - May
2017-06-01,2017,6,86,29,196.55,53,28,89.29,January - June
2017-07-01,2017,7,109,37,194.59,61,29,110.34,January - July
2017-08-01,2017,8,110,40,175.0,67,30,123.33,January - August
2017-09-01,2017,9,96,47,104.26,70,32,118.75,January - September
2017-10-01,2017,10,76,50,52.0,71,34,108.82,January - October
2017-11-01,2017,11,63,46,36.96,70,35,100.0,January - November
2017-12-01,2017,12,65,46,41.3,69,36,91.67,January - December
2018-01-01,2018,1,70,42,66.67,70,42,66.67,January - January
2018-02-01,2018,2,72,46,56.52,71,44,61.36,January - February
2018-03-01,2018,3,82,46,78.26,74,44,68.18,January - March
2018-04-01,2018,4,79,45,75.56,75,44,70.45,January - April
2018-05-01,2018,5,89,55,61.82,78,46,69.57,January - May
2018-06-01,2018,6,111,86,29.07,83,53,56.6,January - June
2018-07-01,2018,7,121,109,11.01,89,61,45.9,January - July
2018-08-01,2018,8,142,110,29.09,95,67,41.79,January - August
2018-09-01,2018,9,141,96,46.88,100,70,42.86,January - September
2018-10-01,2018,10,119,76,56.58,102,71,43.66,January - October
2018-11-01,2018,11,113,63,79.37,103,70,47.14,January - November
2018-12-01,2018,12,110,65,69.23,104,69,50.72,January - December
2019-01-01,2019,1,109,70,55.71,109,70,55.71,January - January
2019-02-01,2019,2,102,72,41.67,105,71,47.89,January - February
2019-03-01,2019,3,111,82,35.37,107,74,44.59,January - March
2019-04-01,2019,4,111,79,40.51,108,75,44.0,January - April
2019-05-01,2019,5,127,89,42.7,112,78,43.59,January - May
2019-06-01,2019,6,165,111,48.65,120,83,44.58,January - June
2019-07-01,2019,7,186,121,53.72,130,89,46.07,January - July
2019-08-01,2019,8,193,142,35.92,138,95,45.26,January - August
2019-09-01,2019,9,182,141,29.08,142,100,42.0,January - September
2019-10-01,2019,10,156,119,31.09,144,102,41.18,January - October
2019-11-01,2019,11,147,113,30.09,144,103,39.81,January - November
2019-12-01,2019,12,150,110,36.36,144,104,38.46,January - December
2020-01-01,2020,1,139,109,27.52,139,109,27.52,January - January
2020-02-01,2020,2,133,102,30.39,136,105,29.52,January - February
2020-03-01,2020,3,143,111,28.83,138,107,28.97,January - March
2020-04-01,2020,4,132,111,18.92,136,108,25.93,January - April
2020-05-01,2020,5,97,127,-23.62,128,112,14.29,January - May
2020-06-01,2020,6,112,165,-32.12,126,120,5.0,January - June
2020-07-01,2020,7,124,186,-33.33,125,130,-3.85,January - July
2020-08-01,2020,8,133,193,-31.09,126,138,-8.7,January - August
2020-09-01,2020,9,128,182,-29.67,126,142,-11.27,January - September
2020-10-01,2020,10,111,156,-28.85,125,144,-13.19,January - October
2020-11-01,2020,11,97,147,-34.01,122,144,-15.28,January - November
2020-12-01,2020,12,98,150,-34.67,120,144,-16.67,January - December
2021-01-01,2021,1,94,139,-32.37,94,139,-32.37,January - January
2021-02-01,2021,2,93,133,-30.08,93,136,-31.62,January - February
2021-03-01,2021,3,99,143,-30.77,95,138,-31.16,January - March
2021-04-01,2021,4,93,132,-29.55,94,136,-30.88,January - April
2021-05-01,2021,5,94,97,-3.09,94,128,-26.56,January - May
2021-06-01,2021,6,111,112,-0.89,97,126,-23.02,January - June
2021-07-01,2021,7,120,124,-3.23,100,125,-20.0,January - July
2021-08-01,2021,8,130,133,-2.26,104,126,-17.46,January - August
2021-09-01,2021,9,122,128,-4.69,106,126,-15.87,January - September
2021-10-01,2021,10,117,111,5.41,107,125,-14.4,January - October
2021-11-01,2021,11,110,97,13.4,107,122,-12.3,January - November
2021-12-01,2021,12,125,98,27.55,109,120,-9.17,January - December
2022-01-01,2022,1,119,94,26.6,119,94,26.6,January - January
2022-02-01,2022,2,103,93,10.75,111,93,19.35,January - February
2022-03-01,2022,3,123,99,24.24,115,95,21.05,January - March
2022-04-01,2022,4,123,93,32.26,117,94,24.47,January - April
2022-05-01,2022,5,131,94,39.36,119,94,26.6,January - May
2022-06-01,2022,6,154,111,38.74,125,97,28.87,January - June
2022-07-01,2022,7,171,120,42.5,132,100,32.0,January - July
2022-08-01,2022,8,186,130,43.08,138,104,32.69,January - August
2022-09-01,2022,9,181,122,48.36,143,106,34.91,January - September
2022-10-01,2022,10,182,117,55.56,147,107,37.38,January - October
2022-11-01,2022,11,173,110,57.27,149,107,39.25,January - November
2022-12-01,2022,12,179,125,43.2,152,109,39.45,January - December
2023-01-01,2023,1,177,119,48.74,177,119,48.74,January - January
2023-02-01,2023,2,184,103,78.64,180,111,62.16,January - February
2023-03-01,2023,3,208,123,69.11,189,115,64.35,January - March
2023-04-01,2023,4,202,123,64.23,192,117,64.1,January - April
2023-05-01,2023,5,184,131,40.46,191,119,60.5,January - May
2023-06-01,2023,6,214,154,38.96,194,125,55.2,January - June
2023-07-01,2023,7,240,171,40.35,201,132,52.27,January - July
2023-08-01,2023,8,245,186,31.72,206,138,49.28,January - August
2023-09-01,2023,9,245,181,35.36,211,143,47.55,January - September
2023-10-01,2023,10,236,182,29.67,213,147,44.9,January - October
2023-11-01,2023,11,219,173,26.59,214,149,43.62,January - November
2023-12-01,2023,12,221,179,23.46,214,152,40.79,January - December
2024-01-01,2024,1,221,177,24.86,221,177,24.86,January - January
2024-02-01,2024,2,225,184,22.28,223,180,23.89,January - February
2024-03-01,2024,3,254,208,22.12,233,189,23.28,January - March
2024-04-01,2024,4,241,202,19.31,235,192,22.4,January - April
2024-05-01,2024,5,227,184,23.37,233,191,21.99,January - May
2024-06-01,2024,6,289,214,35.05,242,194,24.74,January - June
2024-07-01,2024,7,295,240,22.92,250,201,24.38,January - July
2024-08-01,2024,8,307,245,25.31,257,206,24.76,January - August
2024-09-01,2024,9,293,245,19.59,261,211,23.7,January - September
2024-10-01,2024,10,260,236,10.17,261,213,22.54,January - October
2024-11-01,2024,11,228,219,4.11,258,214,20.56,January - November
2024-12-01,2024,12,237,221,7.24,256,214,19.63,January - December
2025-01-01,2025,1,236,221,6.79,236,221,6.79,January - January
2025-02-01,2025,2,219,225,-2.67,227,223,1.79,January - February
2025-03-01,2025,3,246,254,-3.15,233,233,0.0,January - March
2025-04-01,2025,4,240,241,-0.41,235,235,0.0,January - April
2025-05-01,2025,5,235,227,3.52,235,233,0.86,January - May
2025-06-01,2025,6,305,289,5.54,246,242,1.65,January - June
2025-07-01,2025,7,318,295,7.8,257,250,2.8,January - July
2025-08-01,2025,8,329,307,7.17,266,257,3.5,January - August
2025-09-01,2025,9,322,293,9.9,272,261,4.21,January - September
2025-10-01,2025,10,308,260,18.46,275,261,5.36,January - October
2025-11-01,2025,11,275,228,20.61,275,258,6.59,January - November
2025-12-01,2025,12,277,237,16.88,275,256,7.42,January - December
2026-01-01,2026,1,254,236,7.63,254,236,7.63,January - January
2026-02-01,2026,2,244,219,11.42,249,227,9.69,January - February
2026-03-01,2026,3,288,246,17.07,262,233,12.45,January - March
2026-04-01,2026,4,279,240,16.25,266,235,13.19,January - April
2026-05-01,2026,5,290,235,23.4,271,235,15.32,January - May
2026-06-01,2026,6,338,305,10.82,282,246,14.63,January - June
2026-07-01,2026,7,363,318,14.15,293,257,14.01,January - July
