ref_date,year,month,monthly_avg_employment,prev_year_monthly_avg,monthly_percentage_difference,ytd_avg_employment,prev_year_ytd_avg,ytd_percentage_difference,ytd_avg_employment_2019,c2019_percentage_difference,ytd_month_range
2001-01-01,2001,1,1683.0,,,1683.0,0.0,,1912.0,-12.0,January - January
2001-02-01,2001,2,1623.0,,,1653.0,0.0,,1919.5,-13.9,January - February
2001-03-01,2001,3,1638.0,,,1648.0,0.0,,1939.67,-15.0,January - March
2001-04-01,2001,4,1714.0,,,1665.0,0.0,,1937.5,-14.1,January - April
2001-05-01,2001,5,1673.0,,,1666.0,0.0,,1928.4,-13.6,January - May
2001-06-01,2001,6,1783.0,,,1686.0,0.0,,1929.33,-12.6,January - June
2001-07-01,2001,7,1701.0,,,1688.0,0.0,,1927.0,-12.4,January - July
2001-08-01,2001,8,1778.0,,,1699.0,0.0,,1927.25,-11.8,January - August
2001-09-01,2001,9,1767.0,,,1707.0,0.0,,1929.78,-11.6,January - September
2001-10-01,2001,10,1652.0,,,1701.0,0.0,,1923.1,-11.5,January - October
2001-11-01,2001,11,1621.0,,,1694.0,0.0,,1919.64,-11.8,January - November
2001-12-01,2001,12,1527.0,,,1680.0,0.0,,1912.33,-12.1,January - December
2002-01-01,2002,1,1597.0,1683.0,-5.11,1597.0,1683.0,-5.11,1912.0,-16.5,January - January
2002-02-01,2002,2,1817.0,1623.0,11.95,1707.0,1653.0,3.27,1919.5,-11.1,January - February
2002-03-01,2002,3,1770.0,1638.0,8.06,1728.0,1648.0,4.85,1939.67,-10.9,January - March
2002-04-01,2002,4,1695.0,1714.0,-1.11,1720.0,1665.0,3.32,1937.5,-11.2,January - April
2002-05-01,2002,5,1554.0,1673.0,-7.11,1687.0,1666.0,1.22,1928.4,-12.5,January - May
2002-06-01,2002,6,1535.0,1783.0,-13.91,1661.0,1686.0,-1.44,1929.33,-13.9,January - June
2002-07-01,2002,7,1614.0,1701.0,-5.11,1655.0,1688.0,-1.97,1927.0,-14.1,January - July
2002-08-01,2002,8,1619.0,1778.0,-8.94,1650.0,1699.0,-2.88,1927.25,-14.4,January - August
2002-09-01,2002,9,1571.0,1767.0,-11.09,1641.0,1707.0,-3.83,1929.78,-14.9,January - September
2002-10-01,2002,10,1706.0,1652.0,3.27,1648.0,1701.0,-3.14,1923.1,-14.3,January - October
2002-11-01,2002,11,1991.0,1621.0,22.83,1679.0,1694.0,-0.88,1919.64,-12.5,January - November
2002-12-01,2002,12,1655.0,1527.0,8.38,1677.0,1680.0,-0.18,1912.33,-12.3,January - December
2003-01-01,2003,1,1885.0,1597.0,18.03,1885.0,1597.0,18.03,1912.0,-1.4,January - January
2003-02-01,2003,2,1737.0,1817.0,-4.4,1811.0,1707.0,6.09,1919.5,-5.7,January - February
2003-03-01,2003,3,1792.0,1770.0,1.24,1805.0,1728.0,4.44,1939.67,-7.0,January - March
2003-04-01,2003,4,1746.0,1695.0,3.01,1790.0,1720.0,4.08,1937.5,-7.6,January - April
2003-05-01,2003,5,1854.0,1554.0,19.31,1803.0,1687.0,6.89,1928.4,-6.5,January - May
2003-06-01,2003,6,1712.0,1535.0,11.53,1788.0,1661.0,7.6,1929.33,-7.3,January - June
2003-07-01,2003,7,1792.0,1614.0,11.03,1788.0,1655.0,8.08,1927.0,-7.2,January - July
2003-08-01,2003,8,1731.0,1619.0,6.92,1781.0,1650.0,7.94,1927.25,-7.6,January - August
2003-09-01,2003,9,1730.0,1571.0,10.12,1775.0,1641.0,8.17,1929.78,-8.0,January - September
2003-10-01,2003,10,1739.0,1706.0,1.93,1772.0,1648.0,7.53,1923.1,-7.9,January - October
2003-11-01,2003,11,1615.0,1991.0,-18.88,1758.0,1679.0,4.68,1919.64,-8.4,January - November
2003-12-01,2003,12,1786.0,1655.0,7.92,1760.0,1677.0,4.94,1912.33,-8.0,January - December
2004-01-01,2004,1,1511.0,1885.0,-19.84,1511.0,1885.0,-19.84,1912.0,-21.0,January - January
2004-02-01,2004,2,1522.0,1737.0,-12.38,1517.0,1811.0,-16.26,1919.5,-21.0,January - February
2004-03-01,2004,3,1508.0,1792.0,-15.85,1514.0,1805.0,-16.12,1939.67,-22.0,January - March
2004-04-01,2004,4,1609.0,1746.0,-7.85,1538.0,1790.0,-14.11,1937.5,-20.6,January - April
2004-05-01,2004,5,1956.0,1854.0,5.5,1621.0,1803.0,-10.07,1928.4,-15.9,January - May
2004-06-01,2004,6,1785.0,1712.0,4.26,1649.0,1788.0,-7.78,1929.33,-14.6,January - June
2004-07-01,2004,7,1738.0,1792.0,-3.01,1661.0,1788.0,-7.1,1927.0,-13.8,January - July
2004-08-01,2004,8,1688.0,1731.0,-2.48,1665.0,1781.0,-6.54,1927.25,-13.6,January - August
2004-09-01,2004,9,1678.0,1730.0,-3.01,1666.0,1775.0,-6.16,1929.78,-13.7,January - September
2004-10-01,2004,10,1680.0,1739.0,-3.39,1668.0,1772.0,-5.89,1923.1,-13.3,January - October
2004-11-01,2004,11,1630.0,1615.0,0.93,1664.0,1758.0,-5.32,1919.64,-13.3,January - November
2004-12-01,2004,12,1758.0,1786.0,-1.57,1672.0,1760.0,-5.0,1912.33,-12.6,January - December
2005-01-01,2005,1,1640.0,1511.0,8.54,1640.0,1511.0,8.54,1912.0,-14.2,January - January
2005-02-01,2005,2,1632.0,1522.0,7.23,1636.0,1517.0,7.88,1919.5,-14.8,January - February
2005-03-01,2005,3,1629.0,1508.0,8.02,1634.0,1514.0,7.93,1939.67,-15.8,January - March
2005-04-01,2005,4,1607.0,1609.0,-0.12,1627.0,1538.0,5.82,1937.5,-16.0,January - April
2005-05-01,2005,5,1549.0,1956.0,-20.81,1611.0,1621.0,-0.6,1928.4,-16.4,January - May
2005-06-01,2005,6,1705.0,1785.0,-4.48,1627.0,1649.0,-1.3,1929.33,-15.7,January - June
2005-07-01,2005,7,1733.0,1738.0,-0.29,1642.0,1661.0,-1.15,1927.0,-14.8,January - July
2005-08-01,2005,8,1758.0,1688.0,4.15,1657.0,1665.0,-0.48,1927.25,-14.0,January - August
2005-09-01,2005,9,1785.0,1678.0,6.38,1671.0,1666.0,0.29,1929.78,-13.4,January - September
2005-10-01,2005,10,1777.0,1680.0,5.77,1682.0,1668.0,0.84,1923.1,-12.6,January - October
2005-11-01,2005,11,1847.0,1630.0,13.31,1697.0,1664.0,1.95,1919.64,-11.6,January - November
2005-12-01,2005,12,1769.0,1758.0,0.63,1703.0,1672.0,1.83,1912.33,-11.0,January - December
2006-01-01,2006,1,1899.0,1640.0,15.79,1899.0,1640.0,15.79,1912.0,-0.7,January - January
2006-02-01,2006,2,1891.0,1632.0,15.87,1895.0,1636.0,15.83,1919.5,-1.3,January - February
2006-03-01,2006,3,1849.0,1629.0,13.51,1880.0,1634.0,15.06,1939.67,-3.1,January - March
2006-04-01,2006,4,1835.0,1607.0,14.19,1869.0,1627.0,14.84,1937.5,-3.6,January - April
2006-05-01,2006,5,1672.0,1549.0,7.94,1829.0,1611.0,13.52,1928.4,-5.1,January - May
2006-06-01,2006,6,1630.0,1705.0,-4.4,1796.0,1627.0,10.39,1929.33,-6.9,January - June
2006-07-01,2006,7,1631.0,1733.0,-5.89,1772.0,1642.0,7.93,1927.0,-8.0,January - July
2006-08-01,2006,8,1660.0,1758.0,-5.57,1758.0,1657.0,6.14,1927.25,-8.8,January - August
2006-09-01,2006,9,1667.0,1785.0,-6.61,1748.0,1671.0,4.63,1929.78,-9.4,January - September
2006-10-01,2006,10,1579.0,1777.0,-11.14,1731.0,1682.0,2.96,1923.1,-10.0,January - October
2006-11-01,2006,11,1598.0,1847.0,-13.48,1719.0,1697.0,1.33,1919.64,-10.4,January - November
2006-12-01,2006,12,1569.0,1769.0,-11.31,1707.0,1703.0,0.24,1912.33,-10.8,January - December
2007-01-01,2007,1,1575.0,1899.0,-17.06,1575.0,1899.0,-17.06,1912.0,-17.6,January - January
2007-02-01,2007,2,1643.0,1891.0,-13.11,1609.0,1895.0,-15.09,1919.5,-16.2,January - February
2007-03-01,2007,3,1607.0,1849.0,-13.09,1608.0,1880.0,-14.44,1939.67,-17.1,January - March
2007-04-01,2007,4,1614.0,1835.0,-12.04,1610.0,1869.0,-13.85,1937.5,-16.9,January - April
2007-05-01,2007,5,1577.0,1672.0,-5.68,1603.0,1829.0,-12.36,1928.4,-16.9,January - May
2007-06-01,2007,6,1649.0,1630.0,1.17,1611.0,1796.0,-10.31,1929.33,-16.5,January - June
2007-07-01,2007,7,1659.0,1631.0,1.72,1618.0,1772.0,-8.73,1927.0,-16.1,January - July
2007-08-01,2007,8,1631.0,1660.0,-1.75,1619.0,1758.0,-7.91,1927.25,-16.0,January - August
2007-09-01,2007,9,1607.0,1667.0,-3.6,1618.0,1748.0,-7.45,1929.78,-16.2,January - September
2007-10-01,2007,10,1697.0,1579.0,7.47,1626.0,1731.0,-6.09,1923.1,-15.5,January - October
2007-11-01,2007,11,1506.0,1598.0,-5.76,1615.0,1719.0,-6.06,1919.64,-15.9,January - November
2007-12-01,2007,12,1556.0,1569.0,-0.83,1610.0,1707.0,-5.66,1912.33,-15.8,January - December
2008-01-01,2008,1,1649.0,1575.0,4.7,1649.0,1575.0,4.7,1912.0,-13.8,January - January
2008-02-01,2008,2,1572.0,1643.0,-4.32,1611.0,1609.0,0.09,1919.5,-16.1,January - February
2008-03-01,2008,3,1637.0,1607.0,1.87,1619.0,1608.0,0.68,1939.67,-16.5,January - March
2008-04-01,2008,4,1563.0,1614.0,-3.16,1605.0,1610.0,-0.28,1937.5,-17.1,January - April
2008-05-01,2008,5,1835.0,1577.0,16.36,1651.0,1603.0,2.99,1928.4,-14.4,January - May
2008-06-01,2008,6,1605.0,1649.0,-2.67,1644.0,1611.0,2.03,1929.33,-14.8,January - June
2008-07-01,2008,7,1618.0,1659.0,-2.47,1640.0,1618.0,1.37,1927.0,-14.9,January - July
2008-08-01,2008,8,1661.0,1631.0,1.84,1643.0,1619.0,1.43,1927.25,-14.8,January - August
2008-09-01,2008,9,1650.0,1607.0,2.68,1643.0,1618.0,1.57,1929.78,-14.8,January - September
2008-10-01,2008,10,1666.0,1697.0,-1.83,1646.0,1626.0,1.21,1923.1,-14.4,January - October
2008-11-01,2008,11,1693.0,1506.0,12.42,1650.0,1615.0,2.16,1919.64,-14.1,January - November
2008-12-01,2008,12,1610.0,1556.0,3.47,1647.0,1610.0,2.27,1912.33,-13.9,January - December
2009-01-01,2009,1,1555.0,1649.0,-5.7,1555.0,1649.0,-5.7,1912.0,-18.7,January - January
2009-02-01,2009,2,1500.0,1572.0,-4.58,1528.0,1611.0,-5.15,1919.5,-20.4,January - February
2009-03-01,2009,3,1491.0,1637.0,-8.92,1515.0,1619.0,-6.42,1939.67,-21.9,January - March
2009-04-01,2009,4,1584.0,1563.0,1.34,1533.0,1605.0,-4.53,1937.5,-20.9,January - April
2009-05-01,2009,5,1486.0,1835.0,-19.02,1523.0,1651.0,-7.75,1928.4,-21.0,January - May
2009-06-01,2009,6,1503.0,1605.0,-6.36,1520.0,1644.0,-7.52,1929.33,-21.2,January - June
2009-07-01,2009,7,1491.0,1618.0,-7.85,1516.0,1640.0,-7.57,1927.0,-21.3,January - July
2009-08-01,2009,8,1464.0,1661.0,-11.86,1509.0,1643.0,-8.11,1927.25,-21.7,January - August
2009-09-01,2009,9,1477.0,1650.0,-10.48,1506.0,1643.0,-8.38,1929.78,-22.0,January - September
2009-10-01,2009,10,1440.0,1666.0,-13.57,1499.0,1646.0,-8.9,1923.1,-22.0,January - October
2009-11-01,2009,11,1488.0,1693.0,-12.11,1498.0,1650.0,-9.2,1919.64,-22.0,January - November
2009-12-01,2009,12,1475.0,1610.0,-8.39,1496.0,1647.0,-9.13,1912.33,-21.8,January - December
2010-01-01,2010,1,1521.0,1555.0,-2.19,1521.0,1555.0,-2.19,1912.0,-20.4,January - January
2010-02-01,2010,2,1541.0,1500.0,2.73,1531.0,1528.0,0.23,1919.5,-20.2,January - February
2010-03-01,2010,3,1486.0,1491.0,-0.34,1516.0,1515.0,0.04,1939.67,-21.8,January - March
2010-04-01,2010,4,1492.0,1584.0,-5.81,1510.0,1533.0,-1.47,1937.5,-22.1,January - April
2010-05-01,2010,5,1553.0,1486.0,4.51,1519.0,1523.0,-0.3,1928.4,-21.3,January - May
2010-06-01,2010,6,1456.0,1503.0,-3.13,1508.0,1520.0,-0.77,1929.33,-21.8,January - June
2010-07-01,2010,7,1489.0,1491.0,-0.13,1505.0,1516.0,-0.68,1927.0,-21.9,January - July
2010-08-01,2010,8,1484.0,1464.0,1.37,1503.0,1509.0,-0.43,1927.25,-22.0,January - August
2010-09-01,2010,9,1451.0,1477.0,-1.76,1497.0,1506.0,-0.58,1929.78,-22.4,January - September
2010-10-01,2010,10,1440.0,1440.0,0.0,1491.0,1499.0,-0.52,1923.1,-22.5,January - October
2010-11-01,2010,11,1466.0,1488.0,-1.48,1489.0,1498.0,-0.61,1919.64,-22.4,January - November
2010-12-01,2010,12,1484.0,1475.0,0.61,1489.0,1496.0,-0.51,1912.33,-22.2,January - December
2011-01-01,2011,1,1479.0,1521.0,-2.76,1479.0,1521.0,-2.76,1912.0,-22.6,January - January
2011-02-01,2011,2,1537.0,1541.0,-0.26,1508.0,1531.0,-1.5,1919.5,-21.4,January - February
2011-03-01,2011,3,1516.0,1486.0,2.02,1511.0,1516.0,-0.35,1939.67,-22.1,January - March
2011-04-01,2011,4,1532.0,1492.0,2.68,1516.0,1510.0,0.4,1937.5,-21.8,January - April
2011-05-01,2011,5,1524.0,1553.0,-1.87,1518.0,1519.0,-0.07,1928.4,-21.3,January - May
2011-06-01,2011,6,1576.0,1456.0,8.24,1527.0,1508.0,1.27,1929.33,-20.8,January - June
2011-07-01,2011,7,1508.0,1489.0,1.28,1525.0,1505.0,1.27,1927.0,-20.9,January - July
2011-08-01,2011,8,1630.0,1484.0,9.84,1538.0,1503.0,2.33,1927.25,-20.2,January - August
2011-09-01,2011,9,1679.0,1451.0,15.71,1553.0,1497.0,3.77,1929.78,-19.5,January - September
2011-10-01,2011,10,1658.0,1440.0,15.14,1564.0,1491.0,4.87,1923.1,-18.7,January - October
2011-11-01,2011,11,1789.0,1466.0,22.03,1584.0,1489.0,6.4,1919.64,-17.5,January - November
2011-12-01,2011,12,1832.0,1484.0,23.45,1605.0,1489.0,7.82,1912.33,-16.1,January - December
2012-01-01,2012,1,1813.0,1479.0,22.58,1813.0,1479.0,22.58,1912.0,-5.2,January - January
2012-02-01,2012,2,1756.0,1537.0,14.25,1785.0,1508.0,18.34,1919.5,-7.0,January - February
2012-03-01,2012,3,1917.0,1516.0,26.45,1829.0,1511.0,21.05,1939.67,-5.7,January - March
2012-04-01,2012,4,1835.0,1532.0,19.78,1830.0,1516.0,20.73,1937.5,-5.5,January - April
2012-05-01,2012,5,1794.0,1524.0,17.72,1823.0,1518.0,20.12,1928.4,-5.5,January - May
2012-06-01,2012,6,1942.0,1576.0,23.22,1843.0,1527.0,20.66,1929.33,-4.5,January - June
2012-07-01,2012,7,2030.0,1508.0,34.62,1870.0,1525.0,22.63,1927.0,-3.0,January - July
2012-08-01,2012,8,1949.0,1630.0,19.57,1880.0,1538.0,22.22,1927.25,-2.5,January - August
2012-09-01,2012,9,1906.0,1679.0,13.52,1882.0,1553.0,21.18,1929.78,-2.5,January - September
2012-10-01,2012,10,1885.0,1658.0,13.69,1883.0,1564.0,20.38,1923.1,-2.1,January - October
2012-11-01,2012,11,1891.0,1789.0,5.7,1883.0,1584.0,18.88,1919.64,-1.9,January - November
2012-12-01,2012,12,1840.0,1832.0,0.44,1880.0,1605.0,17.12,1912.33,-1.7,January - December
2013-01-01,2013,1,1879.0,1813.0,3.64,1879.0,1813.0,3.64,1912.0,-1.7,January - January
2013-02-01,2013,2,1805.0,1756.0,2.79,1842.0,1785.0,3.22,1919.5,-4.0,January - February
2013-03-01,2013,3,1725.0,1917.0,-10.02,1803.0,1829.0,-1.4,1939.67,-7.0,January - March
2013-04-01,2013,4,1857.0,1835.0,1.2,1817.0,1830.0,-0.75,1937.5,-6.2,January - April
2013-05-01,2013,5,1880.0,1794.0,4.79,1829.0,1823.0,0.34,1928.4,-5.1,January - May
2013-06-01,2013,6,1919.0,1942.0,-1.18,1844.0,1843.0,0.07,1929.33,-4.4,January - June
2013-07-01,2013,7,1872.0,2030.0,-7.78,1848.0,1870.0,-1.15,1927.0,-4.1,January - July
2013-08-01,2013,8,1888.0,1949.0,-3.13,1853.0,1880.0,-1.4,1927.25,-3.8,January - August
2013-09-01,2013,9,1907.0,1906.0,0.05,1859.0,1882.0,-1.24,1929.78,-3.7,January - September
2013-10-01,2013,10,1876.0,1885.0,-0.48,1861.0,1883.0,-1.16,1923.1,-3.2,January - October
2013-11-01,2013,11,1801.0,1891.0,-4.76,1855.0,1883.0,-1.49,1919.64,-3.3,January - November
2013-12-01,2013,12,1791.0,1840.0,-2.66,1850.0,1880.0,-1.59,1912.33,-3.3,January - December
2014-01-01,2014,1,1763.0,1879.0,-6.17,1763.0,1879.0,-6.17,1912.0,-7.8,January - January
2014-02-01,2014,2,1830.0,1805.0,1.39,1797.0,1842.0,-2.47,1919.5,-6.4,January - February
2014-03-01,2014,3,1802.0,1725.0,4.46,1798.0,1803.0,-0.26,1939.67,-7.3,January - March
2014-04-01,2014,4,1746.0,1857.0,-5.98,1785.0,1817.0,-1.72,1937.5,-7.9,January - April
2014-05-01,2014,5,1920.0,1880.0,2.13,1812.0,1829.0,-0.93,1928.4,-6.0,January - May
2014-06-01,2014,6,1822.0,1919.0,-5.05,1814.0,1844.0,-1.65,1929.33,-6.0,January - June
2014-07-01,2014,7,1838.0,1872.0,-1.82,1817.0,1848.0,-1.67,1927.0,-5.7,January - July
2014-08-01,2014,8,1822.0,1888.0,-3.5,1818.0,1853.0,-1.9,1927.25,-5.7,January - August
2014-09-01,2014,9,1857.0,1907.0,-2.62,1822.0,1859.0,-1.98,1929.78,-5.6,January - September
2014-10-01,2014,10,1947.0,1876.0,3.78,1835.0,1861.0,-1.4,1923.1,-4.6,January - October
2014-11-01,2014,11,1840.0,1801.0,2.17,1835.0,1855.0,-1.09,1919.64,-4.4,January - November
2014-12-01,2014,12,1883.0,1791.0,5.14,1839.0,1850.0,-0.59,1912.33,-3.8,January - December
2015-01-01,2015,1,1780.0,1763.0,0.96,1780.0,1763.0,0.96,1912.0,-6.9,January - January
2015-02-01,2015,2,1882.0,1830.0,2.84,1831.0,1797.0,1.92,1919.5,-4.6,January - February
2015-03-01,2015,3,1842.0,1802.0,2.22,1835.0,1798.0,2.02,1939.67,-5.4,January - March
2015-04-01,2015,4,1841.0,1746.0,5.44,1836.0,1785.0,2.86,1937.5,-5.2,January - April
2015-05-01,2015,5,1763.0,1920.0,-8.18,1822.0,1812.0,0.52,1928.4,-5.5,January - May
2015-06-01,2015,6,1790.0,1822.0,-1.76,1816.0,1814.0,0.14,1929.33,-5.9,January - June
2015-07-01,2015,7,1808.0,1838.0,-1.63,1815.0,1817.0,-0.12,1927.0,-5.8,January - July
2015-08-01,2015,8,1779.0,1822.0,-2.36,1811.0,1818.0,-0.4,1927.25,-6.1,January - August
2015-09-01,2015,9,1805.0,1857.0,-2.8,1810.0,1822.0,-0.67,1929.78,-6.2,January - September
2015-10-01,2015,10,1844.0,1947.0,-5.29,1813.0,1835.0,-1.16,1923.1,-5.7,January - October
2015-11-01,2015,11,1902.0,1840.0,3.37,1821.0,1835.0,-0.75,1919.64,-5.1,January - November
2015-12-01,2015,12,1855.0,1883.0,-1.49,1824.0,1839.0,-0.81,1912.33,-4.6,January - December
2016-01-01,2016,1,2022.0,1780.0,13.6,2022.0,1780.0,13.6,1912.0,5.8,January - January
2016-02-01,2016,2,1888.0,1882.0,0.32,1955.0,1831.0,6.77,1919.5,1.8,January - February
2016-03-01,2016,3,2100.0,1842.0,14.01,2003.0,1835.0,9.19,1939.67,3.3,January - March
2016-04-01,2016,4,2116.0,1841.0,14.94,2032.0,1836.0,10.63,1937.5,4.9,January - April
2016-05-01,2016,5,2068.0,1763.0,17.3,2039.0,1822.0,11.92,1928.4,5.7,January - May
2016-06-01,2016,6,1979.0,1790.0,10.56,2029.0,1816.0,11.7,1929.33,5.2,January - June
2016-07-01,2016,7,1909.0,1808.0,5.59,2012.0,1815.0,10.83,1927.0,4.4,January - July
2016-08-01,2016,8,1905.0,1779.0,7.08,1998.0,1811.0,10.37,1927.25,3.7,January - August
2016-09-01,2016,9,2019.0,1805.0,11.86,2001.0,1810.0,10.53,1929.78,3.7,January - September
2016-10-01,2016,10,2067.0,1844.0,12.09,2007.0,1813.0,10.69,1923.1,4.4,January - October
2016-11-01,2016,11,2071.0,1902.0,8.89,2013.0,1821.0,10.52,1919.64,4.9,January - November
2016-12-01,2016,12,2014.0,1855.0,8.57,2013.0,1824.0,10.36,1912.33,5.3,January - December
2017-01-01,2017,1,2036.0,2022.0,0.69,2036.0,2022.0,0.69,1912.0,6.5,January - January
2017-02-01,2017,2,2002.0,1888.0,6.04,2019.0,1955.0,3.27,1919.5,5.2,January - February
2017-03-01,2017,3,1899.0,2100.0,-9.57,1979.0,2003.0,-1.21,1939.67,2.0,January - March
2017-04-01,2017,4,1896.0,2116.0,-10.4,1958.0,2032.0,-3.61,1937.5,1.1,January - April
2017-05-01,2017,5,1898.0,2068.0,-8.22,1946.0,2039.0,-4.54,1928.4,0.9,January - May
2017-06-01,2017,6,1925.0,1979.0,-2.73,1943.0,2029.0,-4.25,1929.33,0.7,January - June
2017-07-01,2017,7,1949.0,1909.0,2.1,1944.0,2012.0,-3.39,1927.0,0.9,January - July
2017-08-01,2017,8,1989.0,1905.0,4.41,1949.0,1998.0,-2.46,1927.25,1.1,January - August
2017-09-01,2017,9,1931.0,2019.0,-4.36,1947.0,2001.0,-2.67,1929.78,0.9,January - September
2017-10-01,2017,10,1912.0,2067.0,-7.5,1944.0,2007.0,-3.17,1923.1,1.1,January - October
2017-11-01,2017,11,1972.0,2071.0,-4.78,1946.0,2013.0,-3.32,1919.64,1.4,January - November
2017-12-01,2017,12,1980.0,2014.0,-1.69,1949.0,2013.0,-3.18,1912.33,1.9,January - December
2018-01-01,2018,1,1917.0,2036.0,-5.84,1917.0,2036.0,-5.84,1912.0,0.3,January - January
2018-02-01,2018,2,1915.0,2002.0,-4.35,1916.0,2019.0,-5.1,1919.5,-0.2,January - February
2018-03-01,2018,3,1908.0,1899.0,0.47,1913.0,1979.0,-3.32,1939.67,-1.4,January - March
2018-04-01,2018,4,1948.0,1896.0,2.74,1922.0,1958.0,-1.85,1937.5,-0.8,January - April
2018-05-01,2018,5,1923.0,1898.0,1.32,1922.0,1946.0,-1.23,1928.4,-0.3,January - May
2018-06-01,2018,6,1950.0,1925.0,1.3,1927.0,1943.0,-0.82,1929.33,-0.1,January - June
2018-07-01,2018,7,1921.0,1949.0,-1.44,1926.0,1944.0,-0.9,1927.0,-0.1,January - July
2018-08-01,2018,8,1908.0,1989.0,-4.07,1924.0,1949.0,-1.31,1927.25,-0.2,January - August
2018-09-01,2018,9,1866.0,1931.0,-3.37,1917.0,1947.0,-1.54,1929.78,-0.6,January - September
2018-10-01,2018,10,1869.0,1912.0,-2.25,1913.0,1944.0,-1.61,1923.1,-0.6,January - October
2018-11-01,2018,11,1839.0,1972.0,-6.74,1906.0,1946.0,-2.08,1919.64,-0.7,January - November
2018-12-01,2018,12,1903.0,1980.0,-3.89,1906.0,1949.0,-2.23,1912.33,-0.4,January - December
2019-01-01,2019,1,1912.0,1917.0,-0.26,1912.0,1917.0,-0.26,1912.0,0.0,January - January
2019-02-01,2019,2,1927.0,1915.0,0.63,1920.0,1916.0,0.18,1919.5,0.0,January - February
2019-03-01,2019,3,1980.0,1908.0,3.77,1940.0,1913.0,1.38,1939.67,0.0,January - March
2019-04-01,2019,4,1931.0,1948.0,-0.87,1938.0,1922.0,0.81,1937.5,0.0,January - April
2019-05-01,2019,5,1892.0,1923.0,-1.61,1928.0,1922.0,0.32,1928.4,0.0,January - May
2019-06-01,2019,6,1934.0,1950.0,-0.82,1929.0,1927.0,0.13,1929.33,0.0,January - June
2019-07-01,2019,7,1913.0,1921.0,-0.42,1927.0,1926.0,0.05,1927.0,0.0,January - July
2019-08-01,2019,8,1929.0,1908.0,1.1,1927.0,1924.0,0.18,1927.25,0.0,January - August
2019-09-01,2019,9,1950.0,1866.0,4.5,1930.0,1917.0,0.65,1929.78,0.0,January - September
2019-10-01,2019,10,1863.0,1869.0,-0.32,1923.0,1913.0,0.55,1923.1,0.0,January - October
2019-11-01,2019,11,1885.0,1839.0,2.5,1920.0,1906.0,0.73,1919.64,0.0,January - November
2019-12-01,2019,12,1832.0,1903.0,-3.73,1912.0,1906.0,0.35,1912.33,0.0,January - December
2020-01-01,2020,1,1938.0,1912.0,1.36,1938.0,1912.0,1.36,1912.0,1.4,January - January
2020-02-01,2020,2,1953.0,1927.0,1.35,1946.0,1920.0,1.35,1919.5,1.4,January - February
2020-03-01,2020,3,1589.0,1980.0,-19.75,1827.0,1940.0,-5.83,1939.67,-5.8,January - March
2020-04-01,2020,4,1162.0,1931.0,-39.82,1661.0,1938.0,-14.3,1937.5,-14.3,January - April
2020-05-01,2020,5,935.0,1892.0,-50.58,1515.0,1928.0,-21.42,1928.4,-21.4,January - May
2020-06-01,2020,6,1107.0,1934.0,-42.76,1447.0,1929.0,-24.98,1929.33,-25.0,January - June
2020-07-01,2020,7,1220.0,1913.0,-36.23,1415.0,1927.0,-26.58,1927.0,-26.6,January - July
2020-08-01,2020,8,1301.0,1929.0,-32.56,1401.0,1927.0,-27.32,1927.25,-27.3,January - August
2020-09-01,2020,9,1313.0,1950.0,-32.67,1391.0,1930.0,-27.92,1929.78,-27.9,January - September
2020-10-01,2020,10,1439.0,1863.0,-22.76,1396.0,1923.0,-27.42,1923.1,-27.4,January - October
2020-11-01,2020,11,1608.0,1885.0,-14.69,1415.0,1920.0,-26.29,1919.64,-26.3,January - November
2020-12-01,2020,12,1620.0,1832.0,-11.57,1432.0,1912.0,-25.11,1912.33,-25.1,January - December
2021-01-01,2021,1,1570.0,1938.0,-18.99,1570.0,1938.0,-18.99,1912.0,-17.9,January - January
2021-02-01,2021,2,1578.0,1953.0,-19.2,1574.0,1946.0,-19.1,1919.5,-18.0,January - February
2021-03-01,2021,3,1599.0,1589.0,0.63,1582.0,1827.0,-13.38,1939.67,-18.4,January - March
2021-04-01,2021,4,1632.0,1162.0,40.45,1595.0,1661.0,-3.96,1937.5,-17.7,January - April
2021-05-01,2021,5,1521.0,935.0,62.67,1580.0,1515.0,4.26,1928.4,-18.1,January - May
2021-06-01,2021,6,1516.0,1107.0,36.95,1569.0,1447.0,8.43,1929.33,-18.7,January - June
2021-07-01,2021,7,1546.0,1220.0,26.72,1566.0,1415.0,10.68,1927.0,-18.7,January - July
2021-08-01,2021,8,1533.0,1301.0,17.83,1562.0,1401.0,11.51,1927.25,-19.0,January - August
2021-09-01,2021,9,1545.0,1313.0,17.67,1560.0,1391.0,12.16,1929.78,-19.2,January - September
2021-10-01,2021,10,1713.0,1439.0,19.04,1575.0,1396.0,12.87,1923.1,-18.1,January - October
2021-11-01,2021,11,1779.0,1608.0,10.63,1594.0,1415.0,12.64,1919.64,-17.0,January - November
2021-12-01,2021,12,1732.0,1620.0,6.91,1605.0,1432.0,12.1,1912.33,-16.1,January - December
2022-01-01,2022,1,1626.0,1570.0,3.57,1626.0,1570.0,3.57,1912.0,-15.0,January - January
2022-02-01,2022,2,1670.0,1578.0,5.83,1648.0,1574.0,4.7,1919.5,-14.1,January - February
2022-03-01,2022,3,1656.0,1599.0,3.56,1651.0,1582.0,4.32,1939.67,-14.9,January - March
2022-04-01,2022,4,1739.0,1632.0,6.56,1673.0,1595.0,4.89,1937.5,-13.7,January - April
2022-05-01,2022,5,1755.0,1521.0,15.38,1689.0,1580.0,6.91,1928.4,-12.4,January - May
2022-06-01,2022,6,1687.0,1516.0,11.28,1689.0,1569.0,7.61,1929.33,-12.5,January - June
2022-07-01,2022,7,1789.0,1546.0,15.72,1703.0,1566.0,8.76,1927.0,-11.6,January - July
2022-08-01,2022,8,1808.0,1533.0,17.94,1716.0,1562.0,9.88,1927.25,-10.9,January - August
2022-09-01,2022,9,1768.0,1545.0,14.43,1722.0,1560.0,10.38,1929.78,-10.8,January - September
2022-10-01,2022,10,1715.0,1713.0,0.12,1721.0,1575.0,9.27,1923.1,-10.5,January - October
2022-11-01,2022,11,1746.0,1779.0,-1.85,1724.0,1594.0,8.14,1919.64,-10.2,January - November
2022-12-01,2022,12,1839.0,1732.0,6.18,1733.0,1605.0,7.96,1912.33,-9.4,January - December
2023-01-01,2023,1,1853.0,1626.0,13.96,1853.0,1626.0,13.96,1912.0,-3.1,January - January
2023-02-01,2023,2,1816.0,1670.0,8.74,1835.0,1648.0,11.32,1919.5,-4.4,January - February
2023-03-01,2023,3,1827.0,1656.0,10.33,1832.0,1651.0,10.99,1939.67,-5.6,January - March
2023-04-01,2023,4,1815.0,1739.0,4.37,1828.0,1673.0,9.27,1937.5,-5.7,January - April
2023-05-01,2023,5,1861.0,1755.0,6.04,1834.0,1689.0,8.6,1928.4,-4.9,January - May
2023-06-01,2023,6,1894.0,1687.0,12.27,1844.0,1689.0,9.21,1929.33,-4.4,January - June
2023-07-01,2023,7,1878.0,1789.0,4.97,1849.0,1703.0,8.57,1927.0,-4.0,January - July
2023-08-01,2023,8,1890.0,1808.0,4.54,1854.0,1716.0,8.04,1927.25,-3.8,January - August
2023-09-01,2023,9,1900.0,1768.0,7.47,1859.0,1722.0,7.98,1929.78,-3.7,January - September
2023-10-01,2023,10,1901.0,1715.0,10.85,1864.0,1721.0,8.26,1923.1,-3.1,January - October
2023-11-01,2023,11,1907.0,1746.0,9.22,1867.0,1724.0,8.35,1919.64,-2.7,January - November
2023-12-01,2023,12,1826.0,1839.0,-0.71,1864.0,1733.0,7.55,1912.33,-2.5,January - December
2024-01-01,2024,1,1891.0,1853.0,2.05,1891.0,1853.0,2.05,1912.0,-1.1,January - January
2024-02-01,2024,2,1876.0,1816.0,3.3,1884.0,1835.0,2.67,1919.5,-1.9,January - February
2024-03-01,2024,3,1908.0,1827.0,4.43,1892.0,1832.0,3.26,1939.67,-2.5,January - March
2024-04-01,2024,4,1884.0,1815.0,3.8,1890.0,1828.0,3.39,1937.5,-2.5,January - April
2024-05-01,2024,5,1875.0,1861.0,0.75,1887.0,1834.0,2.86,1928.4,-2.2,January - May
2024-06-01,2024,6,1908.0,1894.0,0.74,1890.0,1844.0,2.49,1929.33,-2.0,January - June
2024-07-01,2024,7,1833.0,1878.0,-2.4,1882.0,1849.0,1.78,1927.0,-2.3,January - July
2024-08-01,2024,8,1837.0,1890.0,-2.8,1877.0,1854.0,1.2,1927.25,-2.6,January - August
2024-09-01,2024,9,1826.0,1900.0,-3.89,1871.0,1859.0,0.62,1929.78,-3.1,January - September
2024-10-01,2024,10,1839.0,1901.0,-3.26,1868.0,1864.0,0.23,1923.1,-2.9,January - October
2024-11-01,2024,11,1817.0,1907.0,-4.72,1863.0,1867.0,-0.23,1919.64,-2.9,January - November
2024-12-01,2024,12,1812.0,1826.0,-0.77,1859.0,1864.0,-0.28,1912.33,-2.8,January - December
2025-01-01,2025,1,1803.0,1891.0,-4.65,1803.0,1891.0,-4.65,1912.0,-5.7,January - January
2025-02-01,2025,2,1837.0,1876.0,-2.08,1820.0,1884.0,-3.37,1919.5,-5.2,January - February
2025-03-01,2025,3,1830.0,1908.0,-4.09,1823.0,1892.0,-3.61,1939.67,-6.0,January - March
2025-04-01,2025,4,1789.0,1884.0,-5.04,1815.0,1890.0,-3.97,1937.5,-6.3,January - April
2025-05-01,2025,5,1801.0,1875.0,-3.95,1812.0,1887.0,-3.96,1928.4,-6.0,January - May
2025-06-01,2025,6,1797.0,1908.0,-5.82,1810.0,1890.0,-4.28,1929.33,-6.2,January - June
2025-07-01,2025,7,1825.0,1833.0,-0.44,1812.0,1882.0,-3.74,1927.0,-6.0,January - July
